feature,avg_importance,std_importance,cv_importance,importance_ci_lower,importance_ci_upper
SB Level,0.6645971564951454,0.10425643519504622,0.15687162392457177,0.4602545435128548,0.868939769477436
Foraging Level,0.13647244366227063,0.08896901344999796,0.6519192524328958,-0.03790682269972537,0.3108517100242666
Fishing Level,0.12879013775750756,0.10364342232566247,0.8047465755554003,-0.07435097000079088,0.331931245515806
Combat Level,0.034042925943926605,0.05880040162629655,1.7272428851488537,-0.08120586124361463,0.14929171313146783
Farming Level,0.016212779807184212,0.03210139868067205,1.9800058387548858,-0.046705961606933,0.07913152122130143
Mining Level,0.010493441376335642,0.025922088890300326,2.470313404405032,-0.04031385284865299,0.06130073560132428
Enchanting Level,0.0048743760304819925,0.026043307119345598,5.342900702876294,-0.04617050592343538,0.05591925798439936
Alchemy Level,0.004516738927145708,0.025528323506645523,5.651936921396917,-0.045518775145879514,0.05455225300017093
